play,character,total_speeches,total_lines,scenes_appeared,acts_appeared,speech_share_pct,line_share_pct,avg_speeches_per_scene,avg_lines_per_speech,verbosity,talkativeness,dominance,focus,breadth,play_total_acts,play_total_scenes,play_total_speeches,play_total_lines,main_side_ratio,role_type
A Midsummer Night's Dream,THESEUS,48,233,3,3,9.6,10.79,16.0,4.85,4.85,16.0,10.79,77.67,0.33,5,9,500,2159,21:2,main
A Midsummer Night's Dream,HELENA,36,229,5,4,7.2,10.61,7.2,6.36,6.36,7.2,10.61,57.25,0.56,5,9,500,2159,21:2,main
A Midsummer Night's Dream,OBERON,29,226,5,4,5.8,10.47,5.8,7.79,7.79,5.8,10.47,56.5,0.56,5,9,500,2159,21:2,main
A Midsummer Night's Dream,PUCK,33,209,6,4,6.6,9.68,5.5,6.33,6.33,5.5,9.68,52.25,0.67,5,9,500,2159,21:2,main
A Midsummer Night's Dream,BOTTOM,50,204,5,4,10.0,9.45,10.0,4.08,4.08,10.0,9.45,51.0,0.56,5,9,500,2159,21:2,main
A Midsummer Night's Dream,LYSANDER,50,178,5,5,10.0,8.24,10.0,3.56,3.56,10.0,8.24,35.6,0.56,5,9,500,2159,21:2,main
A Midsummer Night's Dream,HERMIA,47,165,4,4,9.4,7.64,11.75,3.51,3.51,11.75,7.64,41.25,0.44,5,9,500,2159,21:2,main
A Midsummer Night's Dream,TITANIA,23,158,5,4,4.6,7.32,4.6,6.87,6.87,4.6,7.32,39.5,0.56,5,9,500,2159,21:2,main
A Midsummer Night's Dream,DEMETRIUS,48,134,6,5,9.6,6.21,8.0,2.79,2.79,8.0,6.21,26.8,0.67,5,9,500,2159,21:2,main
A Midsummer Night's Dream,QUINCE,38,83,3,3,7.6,3.84,12.67,2.18,2.18,12.67,3.84,27.67,0.33,5,9,500,2159,21:2,main
A Midsummer Night's Dream,PYRAMUS,9,56,1,1,1.8,2.59,9.0,6.22,6.22,9.0,2.59,56.0,0.11,5,9,500,2159,21:2,side
A Midsummer Night's Dream,EGEUS,7,41,2,2,1.4,1.9,3.5,5.86,5.86,3.5,1.9,20.5,0.22,5,9,500,2159,21:2,main
A Midsummer Night's Dream,PROLOGUE,2,35,1,1,0.4,1.62,2.0,17.5,17.5,2.0,1.62,35.0,0.11,5,9,500,2159,21:2,side
A Midsummer Night's Dream,HIPPOLYTA,14,34,3,3,2.8,1.57,4.67,2.43,2.43,4.67,1.57,11.33,0.33,5,9,500,2159,21:2,main
A Midsummer Night's Dream,THISBE,8,34,1,1,1.6,1.57,8.0,4.25,4.25,8.0,1.57,34.0,0.11,5,9,500,2159,21:2,side
A Midsummer Night's Dream,FAIRY,4,30,2,1,0.8,1.39,2.0,7.5,7.5,2.0,1.39,30.0,0.22,5,9,500,2159,21:2,side
A Midsummer Night's Dream,PHILOSTRATE,6,24,1,1,1.2,1.11,6.0,4.0,4.0,6.0,1.11,24.0,0.11,5,9,500,2159,21:2,main
A Midsummer Night's Dream,FLUTE,10,23,3,3,2.0,1.07,3.33,2.3,2.3,3.33,1.07,7.67,0.33,5,9,500,2159,21:2,main
A Midsummer Night's Dream,WALL,2,12,1,1,0.4,0.56,2.0,6.0,6.0,2.0,0.56,12.0,0.11,5,9,500,2159,21:2,side
A Midsummer Night's Dream,LION,2,9,1,1,0.4,0.42,2.0,4.5,4.5,2.0,0.42,9.0,0.11,5,9,500,2159,21:2,side
A Midsummer Night's Dream,SNOUT,7,7,2,2,1.4,0.32,3.5,1.0,1.0,3.5,0.32,3.5,0.22,5,9,500,2159,21:2,main
A Midsummer Night's Dream,MOONSHINE,3,6,1,1,0.6,0.28,3.0,2.0,2.0,3.0,0.28,6.0,0.11,5,9,500,2159,21:2,side
A Midsummer Night's Dream,SNUG,2,6,2,2,0.4,0.28,1.0,3.0,3.0,1.0,0.28,3.0,0.22,5,9,500,2159,21:2,main
A Midsummer Night's Dream,STARVELING,4,5,3,3,0.8,0.23,1.33,1.25,1.25,1.33,0.23,1.67,0.33,5,9,500,2159,21:2,main
A Midsummer Night's Dream,MUSTARDSEED,5,5,2,2,1.0,0.23,2.5,1.0,1.0,2.5,0.23,2.5,0.22,5,9,500,2159,21:2,main
A Midsummer Night's Dream,PEASEBLOSSOM,4,4,2,2,0.8,0.19,2.0,1.0,1.0,2.0,0.19,2.0,0.22,5,9,500,2159,21:2,main
A Midsummer Night's Dream,COBWEB,4,4,2,2,0.8,0.19,2.0,1.0,1.0,2.0,0.19,2.0,0.22,5,9,500,2159,21:2,main
A Midsummer Night's Dream,MOTH,2,2,1,1,0.4,0.09,2.0,1.0,1.0,2.0,0.09,2.0,0.11,5,9,500,2159,21:2,main
A Midsummer Night's Dream,ALL,2,2,2,2,0.4,0.09,1.0,1.0,1.0,1.0,0.09,1.0,0.22,5,9,500,2159,21:2,side
A Midsummer Night's Dream,HERNIA,1,1,1,1,0.2,0.05,1.0,1.0,1.0,1.0,0.05,1.0,0.11,5,9,500,2159,21:2,side
"The Tragedy of Hamlet, Prince of Denmark",HAMLET,359,1495,13,5,31.22,37.13,27.62,4.16,4.16,27.62,37.13,299.0,0.65,5,20,1150,4026,21:5,main
"The Tragedy of Hamlet, Prince of Denmark",KING CLAUDIUS,102,550,11,5,8.87,13.66,9.27,5.39,5.39,9.27,13.66,110.0,0.55,5,20,1150,4026,21:5,side
"The Tragedy of Hamlet, Prince of Denmark",LORD POLONIUS,86,355,8,3,7.48,8.82,10.75,4.13,4.13,10.75,8.82,118.33,0.4,5,20,1150,4026,21:5,side
"The Tragedy of Hamlet, Prince of Denmark",HORATIO,112,291,9,4,9.74,7.23,12.44,2.6,2.6,12.44,7.23,72.75,0.45,5,20,1150,4026,21:5,main
"The Tragedy of Hamlet, Prince of Denmark",LAERTES,62,206,6,3,5.39,5.12,10.33,3.32,3.32,10.33,5.12,68.67,0.3,5,20,1150,4026,21:5,main
"The Tragedy of Hamlet, Prince of Denmark",OPHELIA,58,173,5,4,5.04,4.3,11.6,2.98,2.98,11.6,4.3,43.25,0.25,5,20,1150,4026,21:5,main
"The Tragedy of Hamlet, Prince of Denmark",QUEEN GERTRUDE,69,157,10,5,6.0,3.9,6.9,2.28,2.28,6.9,3.9,31.4,0.5,5,20,1150,4026,21:5,side
"The Tragedy of Hamlet, Prince of Denmark",ROSENCRANTZ,49,97,7,3,4.26,2.41,7.0,1.98,1.98,7.0,2.41,32.33,0.35,5,20,1150,4026,21:5,main
"The Tragedy of Hamlet, Prince of Denmark",GHOST,14,95,2,2,1.22,2.36,7.0,6.79,6.79,7.0,2.36,47.5,0.1,5,20,1150,4026,21:5,side
"The Tragedy of Hamlet, Prince of Denmark",FIRST CLOWN,33,93,1,1,2.87,2.31,33.0,2.82,2.82,33.0,2.31,93.0,0.05,5,20,1150,4026,21:5,side
"The Tragedy of Hamlet, Prince of Denmark",MARCELLUS,36,67,4,1,3.13,1.66,9.0,1.86,1.86,9.0,1.66,67.0,0.2,5,20,1150,4026,21:5,main
"The Tragedy of Hamlet, Prince of Denmark",GUILDENSTERN,33,53,5,3,2.87,1.32,6.6,1.61,1.61,6.6,1.32,17.67,0.25,5,20,1150,4026,21:5,main
"The Tragedy of Hamlet, Prince of Denmark",FIRST PLAYER,8,52,2,2,0.7,1.29,4.0,6.5,6.5,4.0,1.29,26.0,0.1,5,20,1150,4026,21:5,side
"The Tragedy of Hamlet, Prince of Denmark",OSRIC,25,48,1,1,2.17,1.19,25.0,1.92,1.92,25.0,1.19,48.0,0.05,5,20,1150,4026,21:5,main
"The Tragedy of Hamlet, Prince of Denmark",PLAYER KING,4,44,1,1,0.35,1.09,4.0,11.0,11.0,4.0,1.09,44.0,0.05,5,20,1150,4026,21:5,side
"The Tragedy of Hamlet, Prince of Denmark",BERNARDO,23,38,2,1,2.0,0.94,11.5,1.65,1.65,11.5,0.94,38.0,0.1,5,20,1150,4026,21:5,main
"The Tragedy of Hamlet, Prince of Denmark",PLAYER QUEEN,5,30,1,1,0.43,0.75,5.0,6.0,6.0,5.0,0.75,30.0,0.05,5,20,1150,4026,21:5,side
"The Tragedy of Hamlet, Prince of Denmark",PRINCE FORTINBRAS,6,27,2,2,0.52,0.67,3.0,4.5,4.5,3.0,0.67,13.5,0.1,5,20,1150,4026,21:5,side
"The Tragedy of Hamlet, Prince of Denmark",GENTLEMAN,3,24,1,1,0.26,0.6,3.0,8.0,8.0,3.0,0.6,24.0,0.05,5,20,1150,4026,21:5,side
"The Tragedy of Hamlet, Prince of Denmark",VOLTIMAND,2,22,2,2,0.17,0.55,1.0,11.0,11.0,1.0,0.55,11.0,0.1,5,20,1150,4026,21:5,main
"The Tragedy of Hamlet, Prince of Denmark",SECOND CLOWN,12,18,1,1,1.04,0.45,12.0,1.5,1.5,12.0,0.45,18.0,0.05,5,20,1150,4026,21:5,side
"The Tragedy of Hamlet, Prince of Denmark",REYNALDO,13,15,1,1,1.13,0.37,13.0,1.15,1.15,13.0,0.37,15.0,0.05,5,20,1150,4026,21:5,main
"The Tragedy of Hamlet, Prince of Denmark",FIRST PRIEST,2,13,1,1,0.17,0.32,2.0,6.5,6.5,2.0,0.32,13.0,0.05,5,20,1150,4026,21:5,side
"The Tragedy of Hamlet, Prince of Denmark",CAPTAIN,7,12,1,1,0.61,0.3,7.0,1.71,1.71,7.0,0.3,12.0,0.05,5,20,1150,4026,21:5,side
"The Tragedy of Hamlet, Prince of Denmark",FRANCISCO,8,10,1,1,0.7,0.25,8.0,1.25,1.25,8.0,0.25,10.0,0.05,5,20,1150,4026,21:5,main
"The Tragedy of Hamlet, Prince of Denmark",LORD,3,7,1,1,0.26,0.17,3.0,2.33,2.33,3.0,0.17,7.0,0.05,5,20,1150,4026,21:5,side
"The Tragedy of Hamlet, Prince of Denmark",LUCIANUS,1,6,1,1,0.09,0.15,1.0,6.0,6.0,1.0,0.15,6.0,0.05,5,20,1150,4026,21:5,main
"The Tragedy of Hamlet, Prince of Denmark",FIRST AMBASSADOR,1,6,1,1,0.09,0.15,1.0,6.0,6.0,1.0,0.15,6.0,0.05,5,20,1150,4026,21:5,side
"The Tragedy of Hamlet, Prince of Denmark",MESSENGER,2,5,1,1,0.17,0.12,2.0,2.5,2.5,2.0,0.12,5.0,0.05,5,20,1150,4026,21:5,side
"The Tragedy of Hamlet, Prince of Denmark",FIRST SAILOR,2,5,1,1,0.17,0.12,2.0,2.5,2.5,2.0,0.12,5.0,0.05,5,20,1150,4026,21:5,side
"The Tragedy of Hamlet, Prince of Denmark",ALL,4,4,4,3,0.35,0.1,1.0,1.0,1.0,1.0,0.1,1.33,0.2,5,20,1150,4026,21:5,side
"The Tragedy of Hamlet, Prince of Denmark",DANES,3,3,1,1,0.26,0.07,3.0,1.0,1.0,3.0,0.07,3.0,0.05,5,20,1150,4026,21:5,side
"The Tragedy of Hamlet, Prince of Denmark",PROLOGUE,1,3,1,1,0.09,0.07,1.0,3.0,3.0,1.0,0.07,3.0,0.05,5,20,1150,4026,21:5,side
"The Tragedy of Hamlet, Prince of Denmark",CORNELIUS,1,1,1,1,0.09,0.02,1.0,1.0,1.0,1.0,0.02,1.0,0.05,5,20,1150,4026,21:5,main
"The Tragedy of Hamlet, Prince of Denmark",SERVANT,1,1,1,1,0.09,0.02,1.0,1.0,1.0,1.0,0.02,1.0,0.05,5,20,1150,4026,21:5,side
The Tragedy of Macbeth,MACBETH,146,719,15,5,22.46,30.13,9.73,4.92,4.92,9.73,30.13,143.8,0.54,5,28,650,2386,21:5,main
The Tragedy of Macbeth,LADY MACBETH,59,265,9,4,9.08,11.11,6.56,4.49,4.49,6.56,11.11,66.25,0.32,5,28,650,2386,21:5,main
The Tragedy of Macbeth,MALCOLM,40,212,8,4,6.15,8.89,5.0,5.3,5.3,5.0,8.89,53.0,0.29,5,28,650,2386,21:5,main
The Tragedy of Macbeth,MACDUFF,59,180,7,3,9.08,7.54,8.43,3.05,3.05,8.43,7.54,60.0,0.25,5,28,650,2386,21:5,main
The Tragedy of Macbeth,ROSS,39,135,7,5,6.0,5.66,5.57,3.46,3.46,5.57,5.66,27.0,0.25,5,28,650,2386,21:5,main
The Tragedy of Macbeth,BANQUO,33,113,7,3,5.08,4.74,4.71,3.42,3.42,4.71,4.74,37.67,0.25,5,28,650,2386,21:5,main
The Tragedy of Macbeth,LENNOX,22,74,6,5,3.38,3.1,3.67,3.36,3.36,3.67,3.1,14.8,0.21,5,28,650,2386,21:5,main
The Tragedy of Macbeth,DUNCAN,18,70,3,1,2.77,2.93,6.0,3.89,3.89,6.0,2.93,70.0,0.11,5,28,650,2386,21:5,main
The Tragedy of Macbeth,FIRST WITCH,23,62,4,3,3.54,2.6,5.75,2.7,2.7,5.75,2.6,20.67,0.14,5,28,650,2386,21:5,side
The Tragedy of Macbeth,PORTER,4,46,1,1,0.62,1.93,4.0,11.5,11.5,4.0,1.93,46.0,0.04,5,28,650,2386,21:5,side
The Tragedy of Macbeth,DOCTOR,20,45,3,2,3.08,1.89,6.67,2.25,2.25,6.67,1.89,22.5,0.11,5,28,650,2386,21:5,side
The Tragedy of Macbeth,LADY MACDUFF,19,41,1,1,2.92,1.72,19.0,2.16,2.16,19.0,1.72,41.0,0.04,5,28,650,2386,21:5,main
The Tragedy of Macbeth,HECATE,2,39,2,2,0.31,1.63,1.0,19.5,19.5,1.0,1.63,19.5,0.07,5,28,650,2386,21:5,main
The Tragedy of Macbeth,SERGEANT,3,35,1,1,0.46,1.47,3.0,11.67,11.67,3.0,1.47,35.0,0.04,5,28,650,2386,21:5,side
The Tragedy of Macbeth,SIWARD,11,30,4,1,1.69,1.26,2.75,2.73,2.73,2.75,1.26,30.0,0.14,5,28,650,2386,21:5,main
The Tragedy of Macbeth,FIRST MURDERER,19,30,4,2,2.92,1.26,4.75,1.58,1.58,4.75,1.26,15.0,0.14,5,28,650,2386,21:5,side
The Tragedy of Macbeth,SECOND WITCH,15,27,3,2,2.31,1.13,5.0,1.8,1.8,5.0,1.13,13.5,0.11,5,28,650,2386,21:5,side
The Tragedy of Macbeth,THIRD WITCH,13,27,3,2,2.0,1.13,4.33,2.08,2.08,4.33,1.13,13.5,0.11,5,28,650,2386,21:5,side
The Tragedy of Macbeth,ALL,13,24,5,4,2.0,1.01,2.6,1.85,1.85,2.6,1.01,6.0,0.18,5,28,650,2386,21:5,side
The Tragedy of Macbeth,GENTLEWOMAN,11,23,1,1,1.69,0.96,11.0,2.09,2.09,11.0,0.96,23.0,0.04,5,28,650,2386,21:5,side
The Tragedy of Macbeth,MESSENGER,6,23,3,3,0.92,0.96,2.0,3.83,3.83,2.0,0.96,7.67,0.11,5,28,650,2386,21:5,side
The Tragedy of Macbeth,ANGUS,4,21,2,2,0.62,0.88,2.0,5.25,5.25,2.0,0.88,10.5,0.07,5,28,650,2386,21:5,main
The Tragedy of Macbeth,LORD,3,21,1,1,0.46,0.88,3.0,7.0,7.0,3.0,0.88,21.0,0.04,5,28,650,2386,21:5,side
The Tragedy of Macbeth,SON,14,20,1,1,2.15,0.84,14.0,1.43,1.43,14.0,0.84,20.0,0.04,5,28,650,2386,21:5,side
The Tragedy of Macbeth,SECOND MURDERER,6,15,2,1,0.92,0.63,3.0,2.5,2.5,3.0,0.63,15.0,0.07,5,28,650,2386,21:5,side
The Tragedy of Macbeth,MENTEITH,5,12,2,1,0.77,0.5,2.5,2.4,2.4,2.5,0.5,12.0,0.07,5,28,650,2386,21:5,main
The Tragedy of Macbeth,OLD MAN,4,11,1,1,0.62,0.46,4.0,2.75,2.75,4.0,0.46,11.0,0.04,5,28,650,2386,21:5,side
The Tragedy of Macbeth,CAITHNESS,3,11,1,1,0.46,0.46,3.0,3.67,3.67,3.0,0.46,11.0,0.04,5,28,650,2386,21:5,main
The Tragedy of Macbeth,DONALBAIN,3,10,1,1,0.46,0.42,3.0,3.33,3.33,3.0,0.42,10.0,0.04,5,28,650,2386,21:5,main
The Tragedy of Macbeth,THIRD MURDERER,6,8,1,1,0.92,0.34,6.0,1.33,1.33,6.0,0.34,8.0,0.04,5,28,650,2386,21:5,side
The Tragedy of Macbeth,YOUNG SIWARD,4,7,1,1,0.62,0.29,4.0,1.75,1.75,4.0,0.29,7.0,0.04,5,28,650,2386,21:5,main
The Tragedy of Macbeth,SERVANT,5,5,2,2,0.77,0.21,2.5,1.0,1.0,2.5,0.21,2.5,0.07,5,28,650,2386,21:5,side
The Tragedy of Macbeth,SEYTON,5,5,2,1,0.77,0.21,2.5,1.0,1.0,2.5,0.21,5.0,0.07,5,28,650,2386,21:5,main
The Tragedy of Macbeth,THIRD APPARITION,1,5,1,1,0.15,0.21,1.0,5.0,5.0,1.0,0.21,5.0,0.04,5,28,650,2386,21:5,side
The Tragedy of Macbeth,SECOND APPARITION,2,4,1,1,0.31,0.17,2.0,2.0,2.0,2.0,0.17,4.0,0.04,5,28,650,2386,21:5,side
The Tragedy of Macbeth,LORDS,3,3,1,1,0.46,0.13,3.0,1.0,1.0,3.0,0.13,3.0,0.04,5,28,650,2386,21:5,side
The Tragedy of Macbeth,BOTH MURDERERS,2,2,1,1,0.31,0.08,2.0,1.0,1.0,2.0,0.08,2.0,0.04,5,28,650,2386,21:5,side
The Tragedy of Macbeth,FIRST APPARITION,1,2,1,1,0.15,0.08,1.0,2.0,2.0,1.0,0.08,2.0,0.04,5,28,650,2386,21:5,side
The Tragedy of Macbeth,FLEANCE,2,2,1,1,0.31,0.08,2.0,1.0,1.0,2.0,0.08,2.0,0.04,5,28,650,2386,21:5,main
The Tragedy of Macbeth,SOLDIERS,1,1,1,1,0.15,0.04,1.0,1.0,1.0,1.0,0.04,1.0,0.04,5,28,650,2386,21:5,side
The Tragedy of Macbeth,ATTENDANT,1,1,1,1,0.15,0.04,1.0,1.0,1.0,1.0,0.04,1.0,0.04,5,28,650,2386,21:5,side
The Tragedy of Romeo and Juliet,ROMEO,163,612,14,4,19.43,19.97,11.64,3.75,3.75,11.64,19.97,153.0,0.58,5,24,839,3065,18:7,main
The Tragedy of Romeo and Juliet,JULIET,118,544,11,5,14.06,17.75,10.73,4.61,4.61,10.73,17.75,108.8,0.46,5,24,839,3065,18:7,main
The Tragedy of Romeo and Juliet,FRIAR LAURENCE,55,351,7,4,6.56,11.45,7.86,6.38,6.38,7.86,11.45,87.75,0.29,5,24,839,3065,18:7,main
The Tragedy of Romeo and Juliet,NURSE,90,281,12,4,5.364999999999999,4.579999999999999,4.545,6.03,6.03,4.545,4.579999999999999,38.5,0.25,5,24,839,3065,18:7,side
The Tragedy of Romeo and Juliet,CAPULET,50,273,9,4,5.96,8.91,5.56,5.46,5.46,5.56,8.91,68.25,0.38,5,24,839,3065,18:7,main
The Tragedy of Romeo and Juliet,MERCUTIO,62,261,4,3,7.39,8.52,15.5,4.21,4.21,15.5,8.52,87.0,0.17,5,24,839,3065,18:7,main
The Tragedy of Romeo and Juliet,BENVOLIO,64,160,7,3,7.63,5.22,9.14,2.5,2.5,9.14,5.22,53.33,0.29,5,24,839,3065,18:7,main
The Tragedy of Romeo and Juliet,LADY CAPULET,45,115,11,4,2.68,1.88,2.7,2.285,2.285,2.7,1.88,15.125,0.22999999999999998,5,24,839,3065,18:7,main
The Tragedy of Romeo and Juliet,PRINCE,16,76,3,3,1.91,2.48,5.33,4.75,4.75,5.33,2.48,25.33,0.12,5,24,839,3065,18:7,side
The Tragedy of Romeo and Juliet,PARIS,23,70,5,4,2.74,2.28,4.6,3.04,3.04,4.6,2.28,17.5,0.21,5,24,839,3065,18:7,main
The Tragedy of Romeo and Juliet,MONTAGUE,10,41,3,3,1.19,1.34,3.33,4.1,4.1,3.33,1.34,13.67,0.12,5,24,839,3065,18:7,main
The Tragedy of Romeo and Juliet,TYBALT,17,36,3,2,2.03,1.17,5.67,2.12,2.12,5.67,1.17,18.0,0.12,5,24,839,3065,18:7,main
The Tragedy of Romeo and Juliet,PETER,13,33,2,2,1.55,1.08,6.5,2.54,2.54,6.5,1.08,16.5,0.08,5,24,839,3065,18:7,main
The Tragedy of Romeo and Juliet,BALTHASAR,12,32,2,1,1.43,1.04,6.0,2.67,2.67,6.0,1.04,32.0,0.08,5,24,839,3065,18:7,main
The Tragedy of Romeo and Juliet,SAMPSON,20,31,1,1,2.38,1.01,20.0,1.55,1.55,20.0,1.01,31.0,0.04,5,24,839,3065,18:7,main
The Tragedy of Romeo and Juliet,SERVANT,10,23,3,1,1.19,0.75,3.33,2.3,2.3,3.33,0.75,23.0,0.12,5,24,839,3065,18:7,side
The Tragedy of Romeo and Juliet,GREGORY,15,20,1,1,1.79,0.65,15.0,1.33,1.33,15.0,0.65,20.0,0.04,5,24,839,3065,18:7,main
The Tragedy of Romeo and Juliet,FIRST WATCHMAN,6,19,1,1,0.72,0.62,6.0,3.17,3.17,6.0,0.62,19.0,0.04,5,24,839,3065,18:7,side
The Tragedy of Romeo and Juliet,FRIAR JOHN,4,13,1,1,0.48,0.42,4.0,3.25,3.25,4.0,0.42,13.0,0.04,5,24,839,3065,18:7,main
The Tragedy of Romeo and Juliet,SECOND SERVANT,6,12,3,2,0.72,0.39,2.0,2.0,2.0,2.0,0.39,6.0,0.12,5,24,839,3065,18:7,side
The Tragedy of Romeo and Juliet,FIRST SERVANT,4,10,2,2,0.48,0.33,2.0,2.5,2.5,2.0,0.33,5.0,0.08,5,24,839,3065,18:7,side
The Tragedy of Romeo and Juliet,PAGE,4,9,1,1,0.48,0.29,4.0,2.25,2.25,4.0,0.29,9.0,0.04,5,24,839,3065,18:7,side
The Tragedy of Romeo and Juliet,FIRST MUSICIAN,9,9,1,1,1.07,0.29,9.0,1.0,1.0,9.0,0.29,9.0,0.04,5,24,839,3065,18:7,side
The Tragedy of Romeo and Juliet,APOTHECARY,4,7,1,1,0.48,0.23,4.0,1.75,1.75,4.0,0.23,7.0,0.04,5,24,839,3065,18:7,side
The Tragedy of Romeo and Juliet,FIRST CITIZEN,3,6,2,2,0.36,0.2,1.5,2.0,2.0,1.5,0.2,3.0,0.08,5,24,839,3065,18:7,side
The Tragedy of Romeo and Juliet,ABRAHAM,5,5,1,1,0.6,0.16,5.0,1.0,1.0,5.0,0.16,5.0,0.04,5,24,839,3065,18:7,main
The Tragedy of Romeo and Juliet,SECOND MUSICIAN,3,4,1,1,0.36,0.13,3.0,1.33,1.33,3.0,0.13,4.0,0.04,5,24,839,3065,18:7,side
The Tragedy of Romeo and Juliet,SECOND CAPULET,2,3,1,1,0.24,0.1,2.0,1.5,1.5,2.0,0.1,3.0,0.04,5,24,839,3065,18:7,side
The Tragedy of Romeo and Juliet,LADY MONTAGUE,2,3,1,1,0.24,0.1,2.0,1.5,1.5,2.0,0.1,3.0,0.04,5,24,839,3065,18:7,main
The Tragedy of Romeo and Juliet,THIRD WATCHMAN,1,3,1,1,0.12,0.1,1.0,3.0,3.0,1.0,0.1,3.0,0.04,5,24,839,3065,18:7,side
The Tragedy of Romeo and Juliet,MUSICIAN,1,1,1,1,0.12,0.03,1.0,1.0,1.0,1.0,0.03,1.0,0.04,5,24,839,3065,18:7,side
The Tragedy of Romeo and Juliet,SECOND WATCHMAN,1,1,1,1,0.12,0.03,1.0,1.0,1.0,1.0,0.03,1.0,0.04,5,24,839,3065,18:7,side
The Tragedy of Romeo and Juliet,THIRD MUSICIAN,1,1,1,1,0.12,0.03,1.0,1.0,1.0,1.0,0.03,1.0,0.04,5,24,839,3065,18:7,side
The Tragedy of Antony and Cleopatra,MARK ANTONY,204,851,22,4,17.3,23.87,9.27,4.17,4.17,9.27,23.87,212.75,0.52,5,42,1179,3565,33:1,main
The Tragedy of Antony and Cleopatra,CLEOPATRA,204,686,16,5,17.3,19.24,12.75,3.36,3.36,12.75,19.24,137.2,0.38,5,42,1179,3565,33:1,main
The Tragedy of Antony and Cleopatra,OCTAVIUS CAESAR,98,421,14,5,8.31,11.81,7.0,4.3,4.3,7.0,11.81,84.2,0.33,5,42,1179,3565,33:1,main
The Tragedy of Antony and Cleopatra,DOMITIUS ENOBARBUS,113,355,12,4,9.58,9.96,9.42,3.14,3.14,9.42,9.96,88.75,0.29,5,42,1179,3565,33:1,main
The Tragedy of Antony and Cleopatra,POMPEY,41,140,3,1,3.48,3.93,13.67,3.41,3.41,13.67,3.93,140.0,0.07,5,42,1179,3565,33:1,side
The Tragedy of Antony and Cleopatra,CHARMIAN,63,105,10,5,5.34,2.95,6.3,1.67,1.67,6.3,2.95,21.0,0.24,5,42,1179,3565,33:1,main
The Tragedy of Antony and Cleopatra,MESSENGER,42,78,6,4,3.56,2.19,7.0,1.86,1.86,7.0,2.19,19.5,0.14,5,42,1179,3565,33:1,side
The Tragedy of Antony and Cleopatra,LEPIDUS,32,68,6,3,2.71,1.91,5.33,2.12,2.12,5.33,1.91,22.67,0.14,5,42,1179,3565,33:1,side
The Tragedy of Antony and Cleopatra,MENAS,35,64,3,1,2.97,1.8,11.67,1.83,1.83,11.67,1.8,64.0,0.07,5,42,1179,3565,33:1,main
The Tragedy of Antony and Cleopatra,AGRIPPA,29,61,7,4,2.46,1.71,4.14,2.1,2.1,4.14,1.71,15.25,0.17,5,42,1179,3565,33:1,main
The Tragedy of Antony and Cleopatra,DOLABELLA,23,48,3,2,1.95,1.35,7.67,2.09,2.09,7.67,1.35,24.0,0.07,5,42,1179,3565,33:1,main
The Tragedy of Antony and Cleopatra,EROS,27,47,6,2,2.29,1.32,4.5,1.74,1.74,4.5,1.32,23.5,0.14,5,42,1179,3565,33:1,main
The Tragedy of Antony and Cleopatra,SCARUS,12,40,4,2,1.02,1.12,3.0,3.33,3.33,3.0,1.12,20.0,0.1,5,42,1179,3565,33:1,main
The Tragedy of Antony and Cleopatra,SOLDIER,13,38,4,2,1.1,1.07,3.25,2.92,2.92,3.25,1.07,19.0,0.1,5,42,1179,3565,33:1,side
The Tragedy of Antony and Cleopatra,MECAENAS,16,37,5,4,1.36,1.04,3.2,2.31,2.31,3.2,1.04,9.25,0.12,5,42,1179,3565,33:1,main
The Tragedy of Antony and Cleopatra,OCTAVIA,13,36,4,2,1.1,1.01,3.25,2.77,2.77,3.25,1.01,18.0,0.1,5,42,1179,3565,33:1,main
The Tragedy of Antony and Cleopatra,PROCULEIUS,10,32,2,1,0.85,0.9,5.0,3.2,3.2,5.0,0.9,32.0,0.05,5,42,1179,3565,33:1,main
The Tragedy of Antony and Cleopatra,SOOTHSAYER,14,31,2,2,1.19,0.87,7.0,2.21,2.21,7.0,0.87,15.5,0.05,5,42,1179,3565,33:1,side
The Tragedy of Antony and Cleopatra,THYREUS,12,31,2,1,1.02,0.87,6.0,2.58,2.58,6.0,0.87,31.0,0.05,5,42,1179,3565,33:1,main
The Tragedy of Antony and Cleopatra,ALEXAS,15,31,3,2,1.27,0.87,5.0,2.07,2.07,5.0,0.87,15.5,0.07,5,42,1179,3565,33:1,main
The Tragedy of Antony and Cleopatra,VENTIDIUS,4,30,1,1,0.34,0.84,4.0,7.5,7.5,4.0,0.84,30.0,0.02,5,42,1179,3565,33:1,main
The Tragedy of Antony and Cleopatra,CLOWN,8,28,1,1,0.68,0.79,8.0,3.5,3.5,8.0,0.79,28.0,0.02,5,42,1179,3565,33:1,side
The Tragedy of Antony and Cleopatra,FIRST SOLDIER,14,26,2,1,1.19,0.73,7.0,1.86,1.86,7.0,0.73,26.0,0.05,5,42,1179,3565,33:1,side
The Tragedy of Antony and Cleopatra,CANIDIUS,10,25,2,1,0.85,0.7,5.0,2.5,2.5,5.0,0.7,25.0,0.05,5,42,1179,3565,33:1,main
The Tragedy of Antony and Cleopatra,IRAS,18,25,4,4,1.53,0.7,4.5,1.39,1.39,4.5,0.7,6.25,0.1,5,42,1179,3565,33:1,main
The Tragedy of Antony and Cleopatra,DERCETAS,5,21,2,2,0.42,0.59,2.5,4.2,4.2,2.5,0.59,10.5,0.05,5,42,1179,3565,33:1,main
The Tragedy of Antony and Cleopatra,DIOMEDES,7,19,2,1,0.59,0.53,3.5,2.71,2.71,3.5,0.53,19.0,0.05,5,42,1179,3565,33:1,main
The Tragedy of Antony and Cleopatra,MARDIAN,7,19,3,3,0.59,0.53,2.33,2.71,2.71,2.33,0.53,6.33,0.07,5,42,1179,3565,33:1,side
The Tragedy of Antony and Cleopatra,FIRST GUARD,11,19,2,2,0.93,0.53,5.5,1.73,1.73,5.5,0.53,9.5,0.05,5,42,1179,3565,33:1,side
The Tragedy of Antony and Cleopatra,PHILO,2,17,1,1,0.17,0.48,2.0,8.5,8.5,2.0,0.48,17.0,0.02,5,42,1179,3565,33:1,main
The Tragedy of Antony and Cleopatra,EUPHRONIUS,5,16,2,1,0.42,0.45,2.5,3.2,3.2,2.5,0.45,16.0,0.05,5,42,1179,3565,33:1,main
The Tragedy of Antony and Cleopatra,SECOND SOLDIER,11,14,2,1,0.93,0.39,5.5,1.27,1.27,5.5,0.39,14.0,0.05,5,42,1179,3565,33:1,side
The Tragedy of Antony and Cleopatra,THIRD SOLDIER,10,13,2,1,0.85,0.36,5.0,1.3,1.3,5.0,0.36,13.0,0.05,5,42,1179,3565,33:1,side
The Tragedy of Antony and Cleopatra,SILIUS,3,12,1,1,0.25,0.34,3.0,4.0,4.0,3.0,0.34,12.0,0.02,5,42,1179,3565,33:1,main
The Tragedy of Antony and Cleopatra,ALL,9,10,7,3,0.76,0.28,1.29,1.11,1.11,1.29,0.28,3.33,0.17,5,42,1179,3565,33:1,side
The Tragedy of Antony and Cleopatra,FIRST SERVANT,4,9,1,1,0.34,0.25,4.0,2.25,2.25,4.0,0.25,9.0,0.02,5,42,1179,3565,33:1,side
The Tragedy of Antony and Cleopatra,SECOND SERVANT,3,7,1,1,0.25,0.2,3.0,2.33,2.33,3.0,0.2,7.0,0.02,5,42,1179,3565,33:1,side
The Tragedy of Antony and Cleopatra,EGYPTIAN,2,6,1,1,0.17,0.17,2.0,3.0,3.0,2.0,0.17,6.0,0.02,5,42,1179,3565,33:1,side
The Tragedy of Antony and Cleopatra,MENECRATES,2,6,1,1,0.17,0.17,2.0,3.0,3.0,2.0,0.17,6.0,0.02,5,42,1179,3565,33:1,main
The Tragedy of Antony and Cleopatra,SELEUCUS,3,5,1,1,0.25,0.14,3.0,1.67,1.67,3.0,0.14,5.0,0.02,5,42,1179,3565,33:1,main
The Tragedy of Antony and Cleopatra,FOURTH SOLDIER,3,5,1,1,0.25,0.14,3.0,1.67,1.67,3.0,0.14,5.0,0.02,5,42,1179,3565,33:1,side
The Tragedy of Antony and Cleopatra,DEMETRIUS,2,5,1,1,0.17,0.14,2.0,2.5,2.5,2.0,0.14,5.0,0.02,5,42,1179,3565,33:1,main
The Tragedy of Antony and Cleopatra,SECOND GUARD,4,4,2,2,0.34,0.11,2.0,1.0,1.0,2.0,0.11,2.0,0.05,5,42,1179,3565,33:1,side
The Tragedy of Antony and Cleopatra,VARRIUS,1,4,1,1,0.08,0.11,1.0,4.0,4.0,1.0,0.11,4.0,0.02,5,42,1179,3565,33:1,main
The Tragedy of Antony and Cleopatra,GUARD,2,4,1,1,0.17,0.11,2.0,2.0,2.0,2.0,0.11,4.0,0.02,5,42,1179,3565,33:1,side
The Tragedy of Antony and Cleopatra,SECOND MESSENGER,2,4,1,1,0.17,0.11,2.0,2.0,2.0,2.0,0.11,4.0,0.02,5,42,1179,3565,33:1,side
The Tragedy of Antony and Cleopatra,FIRST ATTENDANT,3,3,2,2,0.25,0.08,1.5,1.0,1.0,1.5,0.08,1.5,0.05,5,42,1179,3565,33:1,side
The Tragedy of Antony and Cleopatra,ATTENDANT,2,2,2,2,0.17,0.06,1.0,1.0,1.0,1.0,0.06,1.0,0.05,5,42,1179,3565,33:1,side
The Tragedy of Antony and Cleopatra,GALLUS,1,2,1,1,0.08,0.06,1.0,2.0,2.0,1.0,0.06,2.0,0.02,5,42,1179,3565,33:1,main
The Tragedy of Antony and Cleopatra,TAURUS,1,1,1,1,0.08,0.03,1.0,1.0,1.0,1.0,0.03,1.0,0.02,5,42,1179,3565,33:1,main
The Tragedy of Antony and Cleopatra,THIRD GUARD,1,1,1,1,0.08,0.03,1.0,1.0,1.0,1.0,0.03,1.0,0.02,5,42,1179,3565,33:1,side
The Tragedy of Antony and Cleopatra,ATTENDANTS,1,1,1,1,0.08,0.03,1.0,1.0,1.0,1.0,0.03,1.0,0.02,5,42,1179,3565,33:1,side
The Tragedy of Antony and Cleopatra,SECOND ATTENDANT,1,1,1,1,0.08,0.03,1.0,1.0,1.0,1.0,0.03,1.0,0.02,5,42,1179,3565,33:1,side
The Tragedy of Antony and Cleopatra,CAPTAIN,1,1,1,1,0.08,0.03,1.0,1.0,1.0,1.0,0.03,1.0,0.02,5,42,1179,3565,33:1,side
The Tragedy of Julius Caesar,BRUTUS,194,728,12,5,24.31,28.01,16.17,3.75,3.75,16.17,28.01,145.6,0.67,5,18,798,2599,33:2,side
The Tragedy of Julius Caesar,CASSIUS,140,525,8,5,17.54,20.2,17.5,3.75,3.75,17.5,20.2,105.0,0.44,5,18,798,2599,33:2,main
The Tragedy of Julius Caesar,ANTONY,51,329,8,5,6.39,12.66,6.38,6.45,6.45,6.38,12.66,65.8,0.44,5,18,798,2599,33:2,side
The Tragedy of Julius Caesar,CAESAR,39,135,3,3,4.89,5.19,13.0,3.46,3.46,13.0,5.19,45.0,0.17,5,18,798,2599,33:2,side
The Tragedy of Julius Caesar,CASCA,39,133,4,3,4.89,5.12,9.75,3.41,3.41,9.75,5.12,44.33,0.22,5,18,798,2599,33:2,main
The Tragedy of Julius Caesar,PORTIA,16,92,2,1,2.01,3.54,8.0,5.75,5.75,8.0,3.54,92.0,0.11,5,18,798,2599,33:2,main
The Tragedy of Julius Caesar,OCTAVIUS,19,46,3,2,2.38,1.77,6.33,2.42,2.42,6.33,1.77,23.0,0.17,5,18,798,2599,33:2,side
The Tragedy of Julius Caesar,DECIUS BRUTUS,12,44,3,2,1.5,1.69,4.0,3.67,3.67,4.0,1.69,22.0,0.17,5,18,798,2599,33:2,main
The Tragedy of Julius Caesar,MESSALA,21,39,4,2,2.63,1.5,5.25,1.86,1.86,5.25,1.5,19.5,0.22,5,18,798,2599,33:2,main
The Tragedy of Julius Caesar,LUCIUS,24,33,3,2,3.01,1.27,8.0,1.38,1.38,8.0,1.27,16.5,0.17,5,18,798,2599,33:2,main
The Tragedy of Julius Caesar,TITINIUS,10,32,2,2,1.25,1.23,5.0,3.2,3.2,5.0,1.23,16.0,0.11,5,18,798,2599,33:2,main
The Tragedy of Julius Caesar,MARULLUS,6,31,1,1,0.75,1.19,6.0,5.17,5.17,6.0,1.19,31.0,0.06,5,18,798,2599,33:2,main
The Tragedy of Julius Caesar,SERVANT,11,30,3,2,1.38,1.15,3.67,2.73,2.73,3.67,1.15,15.0,0.17,5,18,798,2599,33:2,side
The Tragedy of Julius Caesar,CALPURNIA,6,27,2,2,0.75,1.04,3.0,4.5,4.5,3.0,1.04,13.5,0.11,5,18,798,2599,33:2,main
The Tragedy of Julius Caesar,FLAVIUS,5,26,1,1,0.63,1.0,5.0,5.2,5.2,5.0,1.0,26.0,0.06,5,18,798,2599,33:2,main
The Tragedy of Julius Caesar,LUCILIUS,10,26,5,2,1.25,1.0,2.0,2.6,2.6,2.0,1.0,13.0,0.28,5,18,798,2599,33:2,main
The Tragedy of Julius Caesar,FIRST CITIZEN,18,22,2,1,2.26,0.85,9.0,1.22,1.22,9.0,0.85,22.0,0.11,5,18,798,2599,33:2,side
The Tragedy of Julius Caesar,THIRD CITIZEN,16,22,2,1,2.01,0.85,8.0,1.38,1.38,8.0,0.85,22.0,0.11,5,18,798,2599,33:2,side
The Tragedy of Julius Caesar,SECOND CITIZEN,18,21,2,1,2.26,0.81,9.0,1.17,1.17,9.0,0.81,21.0,0.11,5,18,798,2599,33:2,side
The Tragedy of Julius Caesar,FOURTH CITIZEN,16,20,2,1,2.01,0.77,8.0,1.25,1.25,8.0,0.77,20.0,0.11,5,18,798,2599,33:2,side
The Tragedy of Julius Caesar,ARTEMIDORUS,4,19,2,2,0.5,0.73,2.0,4.75,4.75,2.0,0.73,9.5,0.11,5,18,798,2599,33:2,side
The Tragedy of Julius Caesar,SOOTHSAYER,9,18,3,3,1.13,0.69,3.0,2.0,2.0,3.0,0.69,6.0,0.17,5,18,798,2599,33:2,side
The Tragedy of Julius Caesar,CINNA,11,18,3,3,1.38,0.69,3.67,1.64,1.64,3.67,0.69,6.0,0.17,5,18,798,2599,33:2,main
The Tragedy of Julius Caesar,PINDARUS,5,17,2,2,0.63,0.65,2.5,3.4,3.4,2.5,0.65,8.5,0.11,5,18,798,2599,33:2,main
The Tragedy of Julius Caesar,METELLUS CIMBER,5,17,2,2,0.63,0.65,2.5,3.4,3.4,2.5,0.65,8.5,0.11,5,18,798,2599,33:2,main
The Tragedy of Julius Caesar,SECOND COMMONER,6,16,1,1,0.75,0.62,6.0,2.67,2.67,6.0,0.62,16.0,0.06,5,18,798,2599,33:2,side
The Tragedy of Julius Caesar,LIGARIUS,5,15,1,1,0.63,0.58,5.0,3.0,3.0,5.0,0.58,15.0,0.06,5,18,798,2599,33:2,main
The Tragedy of Julius Caesar,CINNA THE POET,8,14,1,1,1.0,0.54,8.0,1.75,1.75,8.0,0.54,14.0,0.06,5,18,798,2599,33:2,side
The Tragedy of Julius Caesar,ALL,9,10,1,1,1.13,0.38,9.0,1.11,1.11,9.0,0.38,10.0,0.06,5,18,798,2599,33:2,side
The Tragedy of Julius Caesar,CLITUS,8,10,1,1,1.0,0.38,8.0,1.25,1.25,8.0,0.38,10.0,0.06,5,18,798,2599,33:2,main
The Tragedy of Julius Caesar,TREBONIUS,4,9,3,2,0.5,0.35,1.33,2.25,2.25,1.33,0.35,4.5,0.17,5,18,798,2599,33:2,main
The Tragedy of Julius Caesar,CICERO,4,9,1,1,0.5,0.35,4.0,2.25,2.25,4.0,0.35,9.0,0.06,5,18,798,2599,33:2,main
The Tragedy of Julius Caesar,CATO,3,8,2,1,0.38,0.31,1.5,2.67,2.67,1.5,0.31,8.0,0.11,5,18,798,2599,33:2,side
The Tragedy of Julius Caesar,POET,3,7,1,1,0.38,0.27,3.0,2.33,2.33,3.0,0.27,7.0,0.06,5,18,798,2599,33:2,side
The Tragedy of Julius Caesar,STRATO,4,7,1,1,0.5,0.27,4.0,1.75,1.75,4.0,0.27,7.0,0.06,5,18,798,2599,33:2,main
The Tragedy of Julius Caesar,VARRO,6,6,1,1,0.75,0.23,6.0,1.0,1.0,6.0,0.23,6.0,0.06,5,18,798,2599,33:2,main
The Tragedy of Julius Caesar,FIRST SOLDIER,4,5,2,2,0.5,0.19,2.0,1.25,1.25,2.0,0.19,2.5,0.11,5,18,798,2599,33:2,side
The Tragedy of Julius Caesar,MESSENGER,1,4,1,1,0.13,0.15,1.0,4.0,4.0,1.0,0.15,4.0,0.06,5,18,798,2599,33:2,side
The Tragedy of Julius Caesar,CLAUDIUS,4,4,1,1,0.5,0.15,4.0,1.0,1.0,4.0,0.15,4.0,0.06,5,18,798,2599,33:2,main
The Tragedy of Julius Caesar,LEPIDUS,3,4,1,1,0.38,0.15,3.0,1.33,1.33,3.0,0.15,4.0,0.06,5,18,798,2599,33:2,side
The Tragedy of Julius Caesar,VOLUMNIUS,3,3,1,1,0.38,0.12,3.0,1.0,1.0,3.0,0.12,3.0,0.06,5,18,798,2599,33:2,main
The Tragedy of Julius Caesar,DARDANIUS,3,3,1,1,0.38,0.12,3.0,1.0,1.0,3.0,0.12,3.0,0.06,5,18,798,2599,33:2,main
The Tragedy of Julius Caesar,GHOST,3,3,1,1,0.38,0.12,3.0,1.0,1.0,3.0,0.12,3.0,0.06,5,18,798,2599,33:2,side
The Tragedy of Julius Caesar,SEVERAL CITIZENS,2,2,1,1,0.25,0.08,2.0,1.0,1.0,2.0,0.08,2.0,0.06,5,18,798,2599,33:2,side
The Tragedy of Julius Caesar,CITIZENS,2,2,1,1,0.25,0.08,2.0,1.0,1.0,2.0,0.08,2.0,0.06,5,18,798,2599,33:2,side
The Tragedy of Julius Caesar,PUBLIUS,2,2,2,2,0.25,0.08,1.0,1.0,1.0,1.0,0.08,1.0,0.11,5,18,798,2599,33:2,main
The Tragedy of Julius Caesar,POPILIUS,2,2,1,1,0.25,0.08,2.0,1.0,1.0,2.0,0.08,2.0,0.06,5,18,798,2599,33:2,side
The Tragedy of Julius Caesar,SECOND SOLDIER,2,2,2,2,0.25,0.08,1.0,1.0,1.0,1.0,0.08,1.0,0.11,5,18,798,2599,33:2,side
The Tragedy of Julius Caesar,THIRD SOLDIER,1,1,1,1,0.13,0.04,1.0,1.0,1.0,1.0,0.04,1.0,0.06,5,18,798,2599,33:2,side
The Tragedy of Julius Caesar,FIRST COMMONER,1,1,1,1,0.13,0.04,1.0,1.0,1.0,1.0,0.04,1.0,0.06,5,18,798,2599,33:2,side
The Merchant of Venice,PORTIA,117,588,9,5,18.4,22.08,13.0,5.03,5.03,13.0,22.08,117.6,0.45,5,20,636,2663,17:5,main
The Merchant of Venice,SHYLOCK,79,355,5,4,12.42,13.33,15.8,4.49,4.49,15.8,13.33,88.75,0.25,5,20,636,2663,17:5,main
The Merchant of Venice,BASSANIO,73,336,6,5,11.48,12.62,12.17,4.6,4.6,12.17,12.62,67.2,0.3,5,20,636,2663,17:5,main
The Merchant of Venice,ANTONIO,47,188,6,5,7.39,7.06,7.83,4.0,4.0,7.83,7.06,37.6,0.3,5,20,636,2663,17:5,main
The Merchant of Venice,LORENZO,47,179,7,4,7.39,6.72,6.71,3.81,3.81,6.71,6.72,44.75,0.35,5,20,636,2663,17:5,main
The Merchant of Venice,GRATIANO,48,175,8,5,7.55,6.57,6.0,3.65,3.65,6.0,6.57,35.0,0.4,5,20,636,2663,17:5,main
The Merchant of Venice,LAUNCELOT,44,168,6,3,6.92,6.31,7.33,3.82,3.82,7.33,6.31,56.0,0.3,5,20,636,2663,17:5,side
The Merchant of Venice,SALARINO,27,104,6,3,4.25,3.91,4.5,3.85,3.85,4.5,3.91,34.67,0.3,5,20,636,2663,17:5,main
The Merchant of Venice,MOROCCO,7,103,2,1,1.1,3.87,3.5,14.71,14.71,3.5,3.87,103.0,0.1,5,20,636,2663,17:5,side
The Merchant of Venice,JESSICA,26,86,7,3,4.09,3.23,3.71,3.31,3.31,3.71,3.23,28.67,0.35,5,20,636,2663,17:5,main
The Merchant of Venice,NERISSA,36,84,7,5,5.66,3.15,5.14,2.33,2.33,5.14,3.15,16.8,0.35,5,20,636,2663,17:5,main
The Merchant of Venice,ARRAGON,4,65,1,1,0.63,2.44,4.0,16.25,16.25,4.0,2.44,65.0,0.05,5,20,636,2663,17:5,side
The Merchant of Venice,DUKE,18,57,1,1,2.83,2.14,18.0,3.17,3.17,18.0,2.14,57.0,0.05,5,20,636,2663,17:5,side
The Merchant of Venice,SALANIO,18,56,4,3,2.83,2.1,4.5,3.11,3.11,4.5,2.1,18.67,0.2,5,20,636,2663,17:5,main
The Merchant of Venice,GOBBO,19,37,1,1,2.99,1.39,19.0,1.95,1.95,19.0,1.39,37.0,0.05,5,20,636,2663,17:5,side
The Merchant of Venice,SALERIO,6,24,2,2,0.94,0.9,3.0,4.0,4.0,3.0,0.9,12.0,0.1,5,20,636,2663,17:5,main
The Merchant of Venice,SERVANT,4,17,3,3,0.63,0.64,1.33,4.25,4.25,1.33,0.64,5.67,0.15,5,20,636,2663,17:5,side
The Merchant of Venice,CLERK,1,17,1,1,0.16,0.64,1.0,17.0,17.0,1.0,0.64,17.0,0.05,5,20,636,2663,17:5,side
The Merchant of Venice,TUBAL,8,12,1,1,1.26,0.45,8.0,1.5,1.5,8.0,0.45,12.0,0.05,5,20,636,2663,17:5,main
The Merchant of Venice,STEPHANO,3,8,1,1,0.47,0.3,3.0,2.67,2.67,3.0,0.3,8.0,0.05,5,20,636,2663,17:5,main
The Merchant of Venice,LEONARDO,2,2,1,1,0.31,0.08,2.0,1.0,1.0,2.0,0.08,2.0,0.05,5,20,636,2663,17:5,main
The Merchant of Venice,BALTHASAR,1,1,1,1,0.16,0.04,1.0,1.0,1.0,1.0,0.04,1.0,0.05,5,20,636,2663,17:5,main
The Merchant of Venice,ALL,1,1,1,1,0.16,0.04,1.0,1.0,1.0,1.0,0.04,1.0,0.05,5,20,636,2663,17:5,side
"The Tragedy of Othello, the Moor of Venice",IAGO,272,1097,13,5,22.99,30.83,20.92,4.03,4.03,20.92,30.83,219.4,0.87,5,15,1183,3558,11:3,main
"The Tragedy of Othello, the Moor of Venice",OTHELLO,274,887,12,5,23.16,24.93,22.83,3.24,3.24,22.83,24.93,177.4,0.8,5,15,1183,3558,11:3,main
"The Tragedy of Othello, the Moor of Venice",DESDEMONA,165,388,9,5,13.95,10.91,18.33,2.35,2.35,18.33,10.91,77.6,0.6,5,15,1183,3558,11:3,main
"The Tragedy of Othello, the Moor of Venice",CASSIO,111,278,9,5,9.38,7.81,12.33,2.5,2.5,12.33,7.81,55.6,0.6,5,15,1183,3558,11:3,main
"The Tragedy of Othello, the Moor of Venice",EMILIA,103,245,8,4,8.71,6.89,12.88,2.38,2.38,12.88,6.89,61.25,0.53,5,15,1183,3558,11:3,main
"The Tragedy of Othello, the Moor of Venice",BRABANTIO,30,139,3,1,2.54,3.91,10.0,4.63,4.63,10.0,3.91,139.0,0.2,5,15,1183,3558,11:3,side
"The Tragedy of Othello, the Moor of Venice",RODERIGO,59,114,7,4,4.99,3.2,8.43,1.93,1.93,8.43,3.2,28.5,0.47,5,15,1183,3558,11:3,main
"The Tragedy of Othello, the Moor of Venice",LODOVICO,33,76,4,2,2.79,2.14,8.25,2.3,2.3,8.25,2.14,38.0,0.27,5,15,1183,3558,11:3,main
"The Tragedy of Othello, the Moor of Venice",DUKE OF VENICE,25,73,1,1,2.11,2.05,25.0,2.92,2.92,25.0,2.05,73.0,0.07,5,15,1183,3558,11:3,main
"The Tragedy of Othello, the Moor of Venice",MONTANO,24,61,3,2,2.03,1.71,8.0,2.54,2.54,8.0,1.71,30.5,0.2,5,15,1183,3558,11:3,main
"The Tragedy of Othello, the Moor of Venice",BIANCA,15,34,3,3,1.27,0.96,5.0,2.27,2.27,5.0,0.96,11.33,0.2,5,15,1183,3558,11:3,main
"The Tragedy of Othello, the Moor of Venice",GRATIANO,20,32,2,1,1.69,0.9,10.0,1.6,1.6,10.0,0.9,32.0,0.13,5,15,1183,3558,11:3,main
"The Tragedy of Othello, the Moor of Venice",CLOWN,14,27,2,1,1.18,0.76,7.0,1.93,1.93,7.0,0.76,27.0,0.13,5,15,1183,3558,11:3,side
"The Tragedy of Othello, the Moor of Venice",FIRST SENATOR,8,26,1,1,0.68,0.73,8.0,3.25,3.25,8.0,0.73,26.0,0.07,5,15,1183,3558,11:3,side
"The Tragedy of Othello, the Moor of Venice",THIRD GENTLEMAN,4,17,1,1,0.34,0.48,4.0,4.25,4.25,4.0,0.48,17.0,0.07,5,15,1183,3558,11:3,side
"The Tragedy of Othello, the Moor of Venice",HERALD,1,12,1,1,0.08,0.34,1.0,12.0,12.0,1.0,0.34,12.0,0.07,5,15,1183,3558,11:3,side
"The Tragedy of Othello, the Moor of Venice",SECOND GENTLEMAN,4,12,1,1,0.34,0.34,4.0,3.0,3.0,4.0,0.34,12.0,0.07,5,15,1183,3558,11:3,side
"The Tragedy of Othello, the Moor of Venice",MESSENGER,2,9,1,1,0.17,0.25,2.0,4.5,4.5,2.0,0.25,9.0,0.07,5,15,1183,3558,11:3,side
"The Tragedy of Othello, the Moor of Venice",FIRST OFFICER,3,5,2,1,0.25,0.14,1.5,1.67,1.67,1.5,0.14,5.0,0.13,5,15,1183,3558,11:3,side
"The Tragedy of Othello, the Moor of Venice",FIRST MUSICIAN,5,5,1,1,0.42,0.14,5.0,1.0,1.0,5.0,0.14,5.0,0.07,5,15,1183,3558,11:3,side
"The Tragedy of Othello, the Moor of Venice",SECOND SENATOR,1,5,1,1,0.08,0.14,1.0,5.0,5.0,1.0,0.14,5.0,0.07,5,15,1183,3558,11:3,side
"The Tragedy of Othello, the Moor of Venice",SAILOR,2,4,1,1,0.17,0.11,2.0,2.0,2.0,2.0,0.11,4.0,0.07,5,15,1183,3558,11:3,side
"The Tragedy of Othello, the Moor of Venice",FIRST GENTLEMAN,1,3,1,1,0.08,0.08,1.0,3.0,3.0,1.0,0.08,3.0,0.07,5,15,1183,3558,11:3,side
"The Tragedy of Othello, the Moor of Venice",FOURTH GENTLEMAN,1,2,1,1,0.08,0.06,1.0,2.0,2.0,1.0,0.06,2.0,0.07,5,15,1183,3558,11:3,side
"The Tragedy of Othello, the Moor of Venice",SECOND GENTLEMEN,1,2,1,1,0.08,0.06,1.0,2.0,2.0,1.0,0.06,2.0,0.07,5,15,1183,3558,11:3,side
"The Tragedy of Othello, the Moor of Venice",SENATOR,2,2,1,1,0.17,0.06,2.0,1.0,1.0,2.0,0.06,2.0,0.07,5,15,1183,3558,11:3,side
"The Tragedy of Othello, the Moor of Venice",ALL,2,2,2,2,0.17,0.06,1.0,1.0,1.0,1.0,0.06,1.0,0.13,5,15,1183,3558,11:3,side
"The Tragedy of Othello, the Moor of Venice",GENTLEMAN,1,1,1,1,0.08,0.03,1.0,1.0,1.0,1.0,0.03,1.0,0.07,5,15,1183,3558,11:3,side
